interaction_id,customer_id,platform,interaction_type,interaction_date,engagement_score,response_time_hours
INT000001,CUST134,Instagram,Save,2023-05-14,2,
INT000002,CUST254,Instagram,Save,2023-05-12,9,
INT000003,CUST249,Tokopedia,Wishlist,2023-05-04,3,
INT000004,CUST064,Tokopedia,Review,2023-05-07,5,
INT000005,CUST093,Instagram,Follow,2023-05-27,5,
INT000006,CUST289,WhatsApp,Feedback,2023-05-07,10,
INT000007,CUST003,WhatsApp,Feedback,2023-05-06,7,
INT000008,CUST040,Instagram,Save,2023-05-22,2,
INT000009,CUST169,Instagram,Share,2023-05-22,2,
INT000010,CUST202,Tokopedia,Purchase,2023-05-30,2,
INT000011,CUST166,Instagram,Like,2023-05-03,8,
INT000012,CUST246,Tokopedia,Chat,2023-05-20,1,
INT000013,CUST169,Instagram,Follow,2023-05-15,6,
INT000014,CUST292,Instagram,Comment,2023-05-28,1,
INT000015,CUST145,Tokopedia,Review,2023-05-24,2,
INT000016,CUST281,WhatsApp,Order,2023-05-03,7,
INT000017,CUST131,Instagram,Comment,2023-05-25,7,
INT000018,CUST046,Instagram,Comment,2023-05-06,7,
INT000019,CUST207,Tokopedia,Rating,2023-05-04,5,
INT000020,CUST252,Tokopedia,Chat,2023-05-29,10,
INT000021,CUST068,Tokopedia,Review,2023-05-27,6,
INT000022,CUST263,Instagram,Save,2023-05-15,7,
INT000023,CUST244,Tokopedia,Purchase,2023-05-20,7,
INT000024,CUST047,Tokopedia,Chat,2023-05-20,3,
INT000025,CUST223,WhatsApp,Order,2023-05-03,1,
INT000026,CUST263,Tokopedia,Wishlist,2023-05-22,4,
INT000027,CUST080,Tokopedia,Purchase,2023-05-21,9,
INT000028,CUST043,Tokopedia,Wishlist,2023-05-14,2,
INT000029,CUST245,Tokopedia,Rating,2023-05-05,5,
INT000030,CUST128,WhatsApp,Order,2023-05-10,10,
INT000031,CUST025,WhatsApp,Message,2023-05-30,1,16.0
INT000032,CUST056,WhatsApp,Order,2023-05-14,2,
INT000033,CUST238,WhatsApp,Feedback,2023-05-27,5,
INT000034,CUST182,Tokopedia,Purchase,2023-05-03,9,
INT000035,CUST009,Instagram,Save,2023-05-06,3,
INT000036,CUST202,Instagram,Like,2023-05-14,5,
INT000037,CUST161,WhatsApp,Order,2023-05-25,8,
INT000038,CUST136,Tokopedia,Rating,2023-05-07,3,
INT000039,CUST041,WhatsApp,Feedback,2023-05-09,2,
INT000040,CUST223,WhatsApp,Message,2023-05-01,7,3.0
INT000041,CUST007,Instagram,Save,2023-05-15,7,
INT000042,CUST250,Tokopedia,Purchase,2023-05-27,10,
INT000043,CUST185,WhatsApp,Order,2023-05-26,5,
INT000044,CUST045,Instagram,Comment,2023-05-01,4,
INT000045,CUST058,Instagram,Comment,2023-05-28,1,
INT000046,CUST108,Tokopedia,Rating,2023-05-21,4,
INT000047,CUST224,WhatsApp,Feedback,2023-05-07,2,
INT000048,CUST155,Tokopedia,Rating,2023-05-16,7,
INT000049,CUST012,Instagram,Comment,2023-05-29,3,
INT000050,CUST228,Tokopedia,Wishlist,2023-05-01,8,
INT000051,CUST300,Instagram,Comment,2023-05-10,10,
INT000052,CUST201,Instagram,Share,2023-05-01,2,
INT000053,CUST222,Tokopedia,Wishlist,2023-05-24,10,
INT000054,CUST284,Tokopedia,Review,2023-05-16,7,
INT000055,CUST249,WhatsApp,Feedback,2023-05-24,10,
INT000056,CUST250,Instagram,Like,2023-05-17,1,
INT000057,CUST217,WhatsApp,Inquiry,2023-05-18,2,8.0
INT000058,CUST214,Tokopedia,Review,2023-05-16,10,
INT000059,CUST178,Tokopedia,Wishlist,2023-05-01,3,
INT000060,CUST148,WhatsApp,Response,2023-05-16,6,
INT000061,CUST225,Instagram,Follow,2023-05-08,10,
INT000062,CUST174,WhatsApp,Order,2023-05-05,5,
INT000063,CUST200,Tokopedia,Chat,2023-05-26,8,
INT000064,CUST083,WhatsApp,Response,2023-05-10,2,
INT000065,CUST248,Instagram,Comment,2023-05-07,3,
INT000066,CUST252,Instagram,Save,2023-05-16,5,
INT000067,CUST121,Instagram,Follow,2023-05-02,1,
INT000068,CUST184,Tokopedia,Chat,2023-05-22,3,
INT000069,CUST090,WhatsApp,Message,2023-05-26,2,10.0
INT000070,CUST221,Instagram,Follow,2023-05-08,2,
INT000071,CUST288,Instagram,Save,2023-05-09,6,
INT000072,CUST182,Instagram,Follow,2023-05-09,3,
INT000073,CUST264,WhatsApp,Message,2023-05-23,1,14.0
INT000074,CUST235,Instagram,Like,2023-05-26,10,
INT000075,CUST053,WhatsApp,Message,2023-05-17,2,5.0
INT000076,CUST061,Instagram,Share,2023-05-06,5,
INT000077,CUST227,WhatsApp,Order,2023-05-24,2,
INT000078,CUST079,WhatsApp,Inquiry,2023-05-11,3,3.0
INT000079,CUST104,Tokopedia,Wishlist,2023-05-25,1,
INT000080,CUST126,Tokopedia,Chat,2023-05-10,9,
INT000081,CUST088,Instagram,Share,2023-05-12,7,
INT000082,CUST185,WhatsApp,Response,2023-05-05,9,
INT000083,CUST216,Instagram,Comment,2023-05-26,7,
INT000084,CUST212,Tokopedia,Wishlist,2023-05-28,9,
INT000085,CUST186,Instagram,Save,2023-05-05,1,
INT000086,CUST265,Instagram,Like,2023-05-11,6,
INT000087,CUST206,Instagram,Save,2023-05-02,7,
INT000088,CUST019,WhatsApp,Response,2023-05-29,10,
INT000089,CUST030,WhatsApp,Feedback,2023-05-10,7,
INT000090,CUST206,WhatsApp,Feedback,2023-05-28,5,
INT000091,CUST161,Tokopedia,Review,2023-05-27,5,
INT000092,CUST271,WhatsApp,Response,2023-05-23,7,
INT000093,CUST229,WhatsApp,Response,2023-05-29,9,
INT000094,CUST227,WhatsApp,Inquiry,2023-05-29,7,24.0
INT000095,CUST102,Tokopedia,Review,2023-05-02,9,
INT000096,CUST172,Tokopedia,Rating,2023-05-17,9,
INT000097,CUST146,Instagram,Like,2023-05-17,9,
INT000098,CUST160,WhatsApp,Inquiry,2023-05-25,3,0.0
INT000099,CUST015,WhatsApp,Feedback,2023-05-09,4,
INT000100,CUST156,WhatsApp,Order,2023-05-17,2,
INT000101,CUST031,Tokopedia,Chat,2023-05-21,9,
INT000102,CUST182,Instagram,Like,2023-05-25,2,
INT000103,CUST230,Tokopedia,Purchase,2023-05-24,1,
INT000104,CUST233,Tokopedia,Rating,2023-05-26,10,
INT000105,CUST290,WhatsApp,Feedback,2023-05-28,10,
INT000106,CUST120,Tokopedia,Chat,2023-05-10,10,
INT000107,CUST072,WhatsApp,Order,2023-05-17,4,
INT000108,CUST054,Tokopedia,Purchase,2023-05-19,4,
INT000109,CUST185,Tokopedia,Review,2023-05-05,7,
INT000110,CUST211,Instagram,Like,2023-05-02,7,
INT000111,CUST067,Tokopedia,Rating,2023-05-15,2,
INT000112,CUST190,WhatsApp,Feedback,2023-05-13,10,
INT000113,CUST287,WhatsApp,Order,2023-05-28,5,
INT000114,CUST300,Tokopedia,Wishlist,2023-05-15,8,
INT000115,CUST214,Instagram,Comment,2023-05-17,3,
INT000116,CUST249,WhatsApp,Order,2023-05-05,9,
INT000117,CUST271,Instagram,Comment,2023-05-15,8,
INT000118,CUST017,WhatsApp,Response,2023-05-18,6,
INT000119,CUST061,WhatsApp,Order,2023-05-04,2,
INT000120,CUST190,WhatsApp,Inquiry,2023-05-02,9,4.0
INT000121,CUST061,Tokopedia,Chat,2023-05-12,5,
INT000122,CUST151,Tokopedia,Review,2023-05-26,3,
INT000123,CUST073,WhatsApp,Order,2023-05-02,5,
INT000124,CUST146,Instagram,Comment,2023-05-27,8,
INT000125,CUST002,Instagram,Follow,2023-05-12,2,
INT000126,CUST023,Tokopedia,Wishlist,2023-05-19,5,
INT000127,CUST290,Tokopedia,Chat,2023-05-26,7,
INT000128,CUST244,WhatsApp,Feedback,2023-05-05,3,
INT000129,CUST259,WhatsApp,Order,2023-05-25,8,
INT000130,CUST230,Instagram,Share,2023-05-03,10,
INT000131,CUST210,Tokopedia,Rating,2023-05-29,7,
INT000132,CUST174,WhatsApp,Message,2023-05-22,8,23.0
INT000133,CUST143,WhatsApp,Message,2023-05-28,3,22.0
INT000134,CUST013,WhatsApp,Inquiry,2023-05-18,2,20.0
INT000135,CUST287,Instagram,Comment,2023-05-20,9,
INT000136,CUST296,Instagram,Follow,2023-05-17,4,
INT000137,CUST244,WhatsApp,Message,2023-05-04,9,5.0
INT000138,CUST010,Tokopedia,Rating,2023-05-08,10,
INT000139,CUST228,Instagram,Follow,2023-05-20,6,
INT000140,CUST206,WhatsApp,Message,2023-05-16,1,10.0
INT000141,CUST224,Instagram,Save,2023-05-01,9,
INT000142,CUST163,Tokopedia,Chat,2023-05-03,2,
INT000143,CUST051,WhatsApp,Response,2023-05-10,3,
INT000144,CUST094,Tokopedia,Review,2023-05-05,5,
INT000145,CUST209,WhatsApp,Response,2023-05-02,10,
INT000146,CUST167,Instagram,Like,2023-05-23,1,
INT000147,CUST153,Tokopedia,Review,2023-05-11,3,
INT000148,CUST212,Tokopedia,Chat,2023-05-13,2,
INT000149,CUST027,Instagram,Comment,2023-05-25,10,
INT000150,CUST122,Tokopedia,Purchase,2023-05-25,9,
INT000151,CUST198,Instagram,Share,2023-05-02,6,
INT000152,CUST238,WhatsApp,Order,2023-05-03,8,
INT000153,CUST015,Tokopedia,Rating,2023-05-30,1,
INT000154,CUST138,WhatsApp,Feedback,2023-05-22,2,
INT000155,CUST127,WhatsApp,Response,2023-05-10,10,
INT000156,CUST209,Tokopedia,Review,2023-05-28,9,
INT000157,CUST105,Instagram,Share,2023-05-18,3,
INT000158,CUST126,WhatsApp,Order,2023-05-30,9,
INT000159,CUST232,Instagram,Like,2023-05-27,8,
INT000160,CUST149,WhatsApp,Response,2023-05-01,1,
INT000161,CUST140,WhatsApp,Inquiry,2023-06-26,7,11.0
INT000162,CUST109,WhatsApp,Feedback,2023-06-09,1,
INT000163,CUST083,WhatsApp,Feedback,2023-06-18,2,
INT000164,CUST154,Instagram,Save,2023-06-22,2,
INT000165,CUST072,WhatsApp,Feedback,2023-06-08,7,
INT000166,CUST108,WhatsApp,Feedback,2023-06-25,6,
INT000167,CUST176,WhatsApp,Inquiry,2023-06-24,8,8.0
INT000168,CUST126,WhatsApp,Inquiry,2023-06-10,4,14.0
INT000169,CUST169,Instagram,Comment,2023-06-20,1,
INT000170,CUST244,Instagram,Like,2023-06-21,3,
INT000171,CUST212,WhatsApp,Order,2023-06-24,7,
INT000172,CUST276,Instagram,Like,2023-06-17,1,
INT000173,CUST228,WhatsApp,Message,2023-06-11,7,19.0
INT000174,CUST184,Tokopedia,Rating,2023-06-26,1,
INT000175,CUST064,Tokopedia,Chat,2023-06-29,4,
INT000176,CUST228,Instagram,Comment,2023-06-23,1,
INT000177,CUST144,WhatsApp,Inquiry,2023-06-06,2,19.0
INT000178,CUST156,WhatsApp,Response,2023-06-07,8,
INT000179,CUST186,Instagram,Share,2023-06-15,10,
INT000180,CUST108,Instagram,Comment,2023-06-26,7,
INT000181,CUST057,Tokopedia,Purchase,2023-06-16,8,
INT000182,CUST088,WhatsApp,Response,2023-06-21,10,
INT000183,CUST290,Instagram,Like,2023-06-18,3,
INT000184,CUST034,Instagram,Share,2023-06-29,10,
INT000185,CUST117,WhatsApp,Inquiry,2023-06-06,1,22.0
INT000186,CUST273,WhatsApp,Inquiry,2023-06-21,9,14.0
INT000187,CUST002,Tokopedia,Review,2023-06-27,6,
INT000188,CUST222,Tokopedia,Chat,2023-06-03,9,
INT000189,CUST239,Tokopedia,Chat,2023-06-16,1,
INT000190,CUST115,Instagram,Share,2023-06-29,7,
INT000191,CUST273,Tokopedia,Chat,2023-05-31,7,
INT000192,CUST100,Tokopedia,Review,2023-06-28,10,
INT000193,CUST013,WhatsApp,Response,2023-06-22,7,
INT000194,CUST039,Instagram,Comment,2023-06-05,6,
INT000195,CUST160,Instagram,Like,2023-05-31,8,
INT000196,CUST222,Instagram,Follow,2023-06-25,6,
INT000197,CUST129,Instagram,Like,2023-06-15,4,
INT000198,CUST175,Instagram,Share,2023-06-16,4,
INT000199,CUST038,WhatsApp,Feedback,2023-06-14,2,
INT000200,CUST229,WhatsApp,Message,2023-06-02,1,1.0
INT000201,CUST194,Tokopedia,Review,2023-06-25,3,
INT000202,CUST032,Tokopedia,Review,2023-06-09,10,
INT000203,CUST222,Instagram,Like,2023-06-21,1,
INT000204,CUST287,Instagram,Share,2023-06-27,7,
INT000205,CUST206,Instagram,Follow,2023-06-24,7,
INT000206,CUST120,WhatsApp,Feedback,2023-05-31,8,
INT000207,CUST197,Tokopedia,Wishlist,2023-06-28,10,
INT000208,CUST052,Tokopedia,Review,2023-06-14,9,
INT000209,CUST169,WhatsApp,Response,2023-06-03,2,
INT000210,CUST007,WhatsApp,Message,2023-06-18,4,18.0
INT000211,CUST065,WhatsApp,Feedback,2023-06-08,6,
INT000212,CUST216,Tokopedia,Purchase,2023-06-14,3,
INT000213,CUST125,Instagram,Like,2023-06-01,3,
INT000214,CUST160,WhatsApp,Order,2023-06-16,6,
INT000215,CUST160,WhatsApp,Feedback,2023-06-24,3,
INT000216,CUST076,Tokopedia,Chat,2023-06-19,6,
INT000217,CUST150,Tokopedia,Review,2023-06-16,10,
INT000218,CUST075,Instagram,Comment,2023-06-16,9,
INT000219,CUST028,Tokopedia,Chat,2023-06-06,4,
INT000220,CUST104,Instagram,Share,2023-06-06,8,
INT000221,CUST240,WhatsApp,Inquiry,2023-06-27,10,18.0
INT000222,CUST172,WhatsApp,Inquiry,2023-06-13,6,5.0
INT000223,CUST054,Tokopedia,Review,2023-06-15,4,
INT000224,CUST002,WhatsApp,Response,2023-06-22,4,
INT000225,CUST239,WhatsApp,Response,2023-06-07,8,
INT000226,CUST170,WhatsApp,Order,2023-06-06,7,
INT000227,CUST095,Instagram,Share,2023-05-31,2,
INT000228,CUST184,Instagram,Follow,2023-06-03,3,
INT000229,CUST149,Tokopedia,Rating,2023-06-20,10,
INT000230,CUST185,Instagram,Like,2023-06-06,4,
INT000231,CUST146,Instagram,Comment,2023-06-28,5,
INT000232,CUST090,Tokopedia,Purchase,2023-06-07,3,
INT000233,CUST101,Instagram,Comment,2023-06-26,5,
INT000234,CUST052,Instagram,Comment,2023-06-12,2,
INT000235,CUST174,Instagram,Share,2023-06-14,4,
INT000236,CUST190,Tokopedia,Rating,2023-06-16,10,
INT000237,CUST223,WhatsApp,Message,2023-06-03,3,4.0
INT000238,CUST098,Instagram,Follow,2023-06-12,6,
INT000239,CUST163,WhatsApp,Order,2023-06-20,4,
INT000240,CUST024,WhatsApp,Feedback,2023-06-06,9,
INT000241,CUST151,Instagram,Share,2023-06-07,1,
INT000242,CUST144,Instagram,Follow,2023-06-18,8,
INT000243,CUST108,WhatsApp,Message,2023-06-25,8,21.0
INT000244,CUST034,Instagram,Follow,2023-06-12,9,
INT000245,CUST192,Tokopedia,Purchase,2023-06-14,3,
INT000246,CUST165,WhatsApp,Inquiry,2023-06-16,8,22.0
INT000247,CUST254,Tokopedia,Chat,2023-06-18,7,
INT000248,CUST299,WhatsApp,Message,2023-06-06,4,6.0
INT000249,CUST232,Instagram,Save,2023-06-06,5,
INT000250,CUST218,Tokopedia,Purchase,2023-06-05,6,
INT000251,CUST131,WhatsApp,Message,2023-06-04,2,9.0
INT000252,CUST228,WhatsApp,Inquiry,2023-06-07,10,1.0
INT000253,CUST239,WhatsApp,Feedback,2023-06-10,7,
INT000254,CUST231,Tokopedia,Wishlist,2023-06-13,6,
INT000255,CUST255,Tokopedia,Chat,2023-06-12,1,
INT000256,CUST092,Tokopedia,Rating,2023-06-08,2,
INT000257,CUST184,Instagram,Share,2023-06-26,9,
INT000258,CUST263,WhatsApp,Message,2023-06-25,5,7.0
INT000259,CUST051,Instagram,Like,2023-06-11,1,
INT000260,CUST280,Instagram,Share,2023-06-06,6,
INT000261,CUST129,Tokopedia,Chat,2023-06-06,10,
INT000262,CUST071,WhatsApp,Feedback,2023-06-29,5,
INT000263,CUST005,Tokopedia,Chat,2023-06-26,6,
INT000264,CUST207,Tokopedia,Purchase,2023-06-24,1,
INT000265,CUST242,WhatsApp,Feedback,2023-06-24,3,
INT000266,CUST204,Instagram,Comment,2023-06-23,4,
INT000267,CUST243,Instagram,Follow,2023-06-18,9,
INT000268,CUST240,WhatsApp,Order,2023-06-10,2,
INT000269,CUST161,Instagram,Save,2023-06-24,7,
INT000270,CUST108,Tokopedia,Wishlist,2023-06-27,9,
INT000271,CUST016,Tokopedia,Rating,2023-06-18,3,
INT000272,CUST157,WhatsApp,Message,2023-06-15,6,10.0
INT000273,CUST116,Tokopedia,Wishlist,2023-06-21,7,
INT000274,CUST276,Tokopedia,Chat,2023-06-18,1,
INT000275,CUST291,Instagram,Comment,2023-06-04,6,
INT000276,CUST291,WhatsApp,Feedback,2023-06-29,10,
INT000277,CUST294,Tokopedia,Wishlist,2023-06-06,7,
INT000278,CUST033,WhatsApp,Order,2023-06-06,8,
INT000279,CUST056,Tokopedia,Purchase,2023-06-14,5,
INT000280,CUST048,Instagram,Like,2023-06-21,9,
INT000281,CUST091,Instagram,Follow,2023-06-15,1,
INT000282,CUST096,Instagram,Like,2023-06-29,7,
INT000283,CUST146,Instagram,Comment,2023-06-09,9,
INT000284,CUST036,Tokopedia,Review,2023-06-11,9,
INT000285,CUST006,Instagram,Share,2023-06-27,7,
INT000286,CUST201,Instagram,Like,2023-06-04,9,
INT000287,CUST215,Tokopedia,Review,2023-06-12,4,
INT000288,CUST067,Instagram,Share,2023-06-13,8,
INT000289,CUST082,WhatsApp,Feedback,2023-06-09,10,
INT000290,CUST104,WhatsApp,Order,2023-06-08,4,
INT000291,CUST004,Instagram,Save,2023-06-02,7,
INT000292,CUST127,WhatsApp,Inquiry,2023-06-29,10,15.0
INT000293,CUST236,Tokopedia,Purchase,2023-06-01,2,
INT000294,CUST148,WhatsApp,Order,2023-06-11,5,
INT000295,CUST201,WhatsApp,Response,2023-06-13,4,
INT000296,CUST092,WhatsApp,Order,2023-06-14,7,
INT000297,CUST094,WhatsApp,Feedback,2023-06-03,7,
INT000298,CUST023,Instagram,Comment,2023-06-08,9,
INT000299,CUST150,WhatsApp,Message,2023-06-22,4,15.0
INT000300,CUST211,WhatsApp,Message,2023-06-11,2,24.0
INT000301,CUST054,WhatsApp,Inquiry,2023-06-13,8,5.0
INT000302,CUST130,Instagram,Follow,2023-06-01,8,
INT000303,CUST014,Instagram,Save,2023-06-12,6,
INT000304,CUST205,Instagram,Save,2023-06-01,1,
INT000305,CUST129,Instagram,Comment,2023-06-10,8,
INT000306,CUST249,Tokopedia,Review,2023-06-02,9,
INT000307,CUST125,WhatsApp,Order,2023-06-04,8,
INT000308,CUST143,Instagram,Comment,2023-06-26,1,
INT000309,CUST052,Instagram,Share,2023-06-03,9,
INT000310,CUST201,Instagram,Like,2023-06-21,1,
INT000311,CUST140,Instagram,Save,2023-06-11,3,
INT000312,CUST111,WhatsApp,Message,2023-06-28,9,6.0
INT000313,CUST227,WhatsApp,Message,2023-06-26,9,20.0
INT000314,CUST053,Tokopedia,Chat,2023-06-14,1,
INT000315,CUST003,Instagram,Save,2023-06-24,4,
INT000316,CUST128,Tokopedia,Rating,2023-06-06,2,
INT000317,CUST009,Tokopedia,Review,2023-05-31,6,
INT000318,CUST099,WhatsApp,Message,2023-06-07,2,21.0
INT000319,CUST086,WhatsApp,Response,2023-06-01,7,
INT000320,CUST263,Instagram,Share,2023-06-10,9,
INT000321,CUST098,WhatsApp,Response,2023-06-29,9,
INT000322,CUST220,Instagram,Comment,2023-07-06,2,
INT000323,CUST183,Tokopedia,Rating,2023-06-30,7,
INT000324,CUST162,Instagram,Save,2023-07-06,8,
INT000325,CUST113,Instagram,Share,2023-07-20,10,
INT000326,CUST189,Instagram,Like,2023-07-28,4,
INT000327,CUST211,Tokopedia,Purchase,2023-07-15,2,
INT000328,CUST275,WhatsApp,Response,2023-07-08,2,
INT000329,CUST167,WhatsApp,Order,2023-07-21,3,
INT000330,CUST171,Instagram,Share,2023-07-27,8,
INT000331,CUST035,Tokopedia,Review,2023-07-19,10,
INT000332,CUST230,Tokopedia,Purchase,2023-07-20,4,
INT000333,CUST258,WhatsApp,Message,2023-07-07,1,19.0
INT000334,CUST064,Tokopedia,Rating,2023-07-23,7,
INT000335,CUST125,WhatsApp,Message,2023-07-01,3,11.0
INT000336,CUST256,Tokopedia,Rating,2023-07-04,7,
INT000337,CUST105,WhatsApp,Message,2023-07-07,10,14.0
INT000338,CUST169,Instagram,Share,2023-07-10,1,
INT000339,CUST267,Tokopedia,Chat,2023-07-24,1,
INT000340,CUST118,WhatsApp,Inquiry,2023-07-10,4,6.0
INT000341,CUST277,Instagram,Comment,2023-07-25,4,
INT000342,CUST196,WhatsApp,Inquiry,2023-07-05,8,20.0
INT000343,CUST004,Instagram,Save,2023-07-02,4,
INT000344,CUST027,WhatsApp,Response,2023-07-06,3,
INT000345,CUST047,Instagram,Follow,2023-07-17,4,
INT000346,CUST121,WhatsApp,Message,2023-07-13,8,9.0
INT000347,CUST085,WhatsApp,Response,2023-07-07,7,
INT000348,CUST091,WhatsApp,Response,2023-07-09,5,
INT000349,CUST296,Tokopedia,Rating,2023-07-08,8,
INT000350,CUST041,Tokopedia,Wishlist,2023-07-12,3,
INT000351,CUST242,Tokopedia,Wishlist,2023-07-16,10,
INT000352,CUST222,Instagram,Save,2023-06-30,7,
INT000353,CUST219,Instagram,Share,2023-07-19,9,
INT000354,CUST079,WhatsApp,Response,2023-07-08,7,
INT000355,CUST238,Tokopedia,Wishlist,2023-07-09,7,
INT000356,CUST288,WhatsApp,Order,2023-07-02,6,
INT000357,CUST070,WhatsApp,Order,2023-07-06,3,
INT000358,CUST098,Instagram,Like,2023-07-27,9,
INT000359,CUST192,Tokopedia,Wishlist,2023-07-29,7,
INT000360,CUST203,WhatsApp,Inquiry,2023-07-12,8,9.0
INT000361,CUST037,Tokopedia,Review,2023-07-29,2,
INT000362,CUST198,WhatsApp,Response,2023-07-06,7,
INT000363,CUST131,WhatsApp,Inquiry,2023-07-16,8,20.0
INT000364,CUST189,WhatsApp,Message,2023-07-20,7,13.0
INT000365,CUST127,Instagram,Save,2023-07-01,6,
INT000366,CUST015,WhatsApp,Response,2023-07-08,10,
INT000367,CUST234,WhatsApp,Response,2023-07-08,4,
INT000368,CUST297,WhatsApp,Response,2023-06-30,2,
INT000369,CUST048,WhatsApp,Order,2023-07-12,10,
INT000370,CUST042,WhatsApp,Response,2023-07-28,7,
INT000371,CUST085,Tokopedia,Chat,2023-07-22,5,
INT000372,CUST257,WhatsApp,Order,2023-07-18,5,
INT000373,CUST211,WhatsApp,Message,2023-07-03,10,24.0
INT000374,CUST177,Instagram,Share,2023-07-23,4,
INT000375,CUST204,WhatsApp,Inquiry,2023-06-30,3,15.0
INT000376,CUST001,Instagram,Like,2023-07-24,7,
INT000377,CUST269,Tokopedia,Chat,2023-07-23,7,
INT000378,CUST088,Instagram,Share,2023-07-05,3,
INT000379,CUST102,Tokopedia,Rating,2023-07-16,2,
INT000380,CUST231,WhatsApp,Response,2023-07-05,4,
INT000381,CUST031,WhatsApp,Response,2023-07-25,4,
INT000382,CUST133,Tokopedia,Wishlist,2023-07-20,10,
INT000383,CUST056,WhatsApp,Response,2023-07-02,5,
INT000384,CUST044,Tokopedia,Review,2023-07-08,2,
INT000385,CUST176,Instagram,Follow,2023-07-07,8,
INT000386,CUST249,WhatsApp,Message,2023-06-30,1,8.0
INT000387,CUST004,WhatsApp,Feedback,2023-07-25,1,
INT000388,CUST050,Instagram,Follow,2023-07-25,1,
INT000389,CUST193,WhatsApp,Feedback,2023-07-24,5,
INT000390,CUST249,Tokopedia,Chat,2023-07-19,7,
INT000391,CUST173,Tokopedia,Chat,2023-07-10,4,
INT000392,CUST185,WhatsApp,Order,2023-07-12,10,
INT000393,CUST030,Tokopedia,Chat,2023-07-25,2,
INT000394,CUST002,Tokopedia,Wishlist,2023-07-23,3,
INT000395,CUST014,WhatsApp,Message,2023-07-27,9,8.0
INT000396,CUST128,Tokopedia,Wishlist,2023-07-19,8,
INT000397,CUST264,Tokopedia,Rating,2023-06-30,6,
INT000398,CUST009,WhatsApp,Inquiry,2023-07-27,1,23.0
INT000399,CUST167,WhatsApp,Order,2023-07-07,10,
INT000400,CUST249,Tokopedia,Purchase,2023-07-25,2,
INT000401,CUST179,Tokopedia,Wishlist,2023-07-21,2,
INT000402,CUST198,Tokopedia,Purchase,2023-07-06,3,
INT000403,CUST267,WhatsApp,Feedback,2023-07-01,3,
INT000404,CUST255,Instagram,Share,2023-07-26,9,
INT000405,CUST240,Instagram,Save,2023-07-03,8,
INT000406,CUST277,Instagram,Comment,2023-07-06,3,
INT000407,CUST046,Instagram,Save,2023-07-22,1,
INT000408,CUST083,Tokopedia,Wishlist,2023-07-24,5,
INT000409,CUST113,WhatsApp,Inquiry,2023-07-21,8,21.0
INT000410,CUST064,WhatsApp,Response,2023-07-29,9,
INT000411,CUST252,Instagram,Share,2023-07-27,4,
INT000412,CUST295,WhatsApp,Message,2023-07-20,6,12.0
INT000413,CUST196,WhatsApp,Feedback,2023-07-27,7,
INT000414,CUST120,Instagram,Share,2023-07-03,5,
INT000415,CUST045,Instagram,Like,2023-07-10,10,
INT000416,CUST097,WhatsApp,Message,2023-07-18,6,4.0
INT000417,CUST161,Tokopedia,Purchase,2023-07-23,1,
INT000418,CUST160,Instagram,Follow,2023-07-17,4,
INT000419,CUST199,Tokopedia,Chat,2023-07-24,6,
INT000420,CUST065,WhatsApp,Feedback,2023-07-18,4,
INT000421,CUST055,Tokopedia,Review,2023-07-17,8,
INT000422,CUST162,Instagram,Share,2023-07-26,4,
INT000423,CUST256,WhatsApp,Order,2023-07-04,10,
INT000424,CUST146,Instagram,Like,2023-07-19,6,
INT000425,CUST159,WhatsApp,Message,2023-07-08,10,15.0
INT000426,CUST111,Tokopedia,Chat,2023-07-22,7,
INT000427,CUST031,Tokopedia,Rating,2023-07-26,4,
INT000428,CUST116,WhatsApp,Message,2023-07-29,3,15.0
INT000429,CUST201,Tokopedia,Rating,2023-06-30,9,
INT000430,CUST201,Tokopedia,Wishlist,2023-07-21,8,
INT000431,CUST179,Tokopedia,Wishlist,2023-07-02,9,
INT000432,CUST145,Tokopedia,Rating,2023-07-22,9,
INT000433,CUST202,Instagram,Comment,2023-07-10,10,
INT000434,CUST028,WhatsApp,Inquiry,2023-07-14,3,18.0
INT000435,CUST071,Tokopedia,Wishlist,2023-07-09,3,
INT000436,CUST108,Instagram,Comment,2023-07-23,1,
INT000437,CUST186,WhatsApp,Feedback,2023-07-03,3,
INT000438,CUST193,Tokopedia,Rating,2023-07-29,1,
INT000439,CUST050,Tokopedia,Wishlist,2023-07-05,1,
INT000440,CUST061,WhatsApp,Inquiry,2023-07-18,7,4.0
INT000441,CUST207,Instagram,Like,2023-07-03,4,
INT000442,CUST204,Tokopedia,Chat,2023-07-22,10,
INT000443,CUST089,WhatsApp,Order,2023-07-24,2,
INT000444,CUST238,WhatsApp,Order,2023-07-08,8,
INT000445,CUST189,Instagram,Like,2023-07-03,2,
INT000446,CUST063,Tokopedia,Purchase,2023-07-07,1,
INT000447,CUST294,WhatsApp,Order,2023-07-08,2,
INT000448,CUST093,Tokopedia,Wishlist,2023-07-20,7,
INT000449,CUST153,WhatsApp,Response,2023-07-03,6,
INT000450,CUST033,WhatsApp,Feedback,2023-07-05,7,
INT000451,CUST011,Tokopedia,Purchase,2023-07-26,9,
INT000452,CUST272,Tokopedia,Review,2023-07-16,10,
INT000453,CUST276,WhatsApp,Message,2023-07-24,4,21.0
INT000454,CUST061,Instagram,Follow,2023-07-22,3,
INT000455,CUST003,WhatsApp,Order,2023-07-25,6,
INT000456,CUST063,Instagram,Comment,2023-07-18,4,
INT000457,CUST083,Instagram,Follow,2023-07-08,1,
INT000458,CUST044,Instagram,Follow,2023-07-09,6,
INT000459,CUST279,Instagram,Save,2023-07-21,1,
INT000460,CUST128,Tokopedia,Review,2023-07-16,5,
INT000461,CUST274,Tokopedia,Rating,2023-07-18,8,
INT000462,CUST161,WhatsApp,Inquiry,2023-07-19,9,16.0
INT000463,CUST108,WhatsApp,Message,2023-07-21,1,7.0
INT000464,CUST019,Instagram,Comment,2023-07-09,4,
INT000465,CUST069,WhatsApp,Feedback,2023-07-06,10,
INT000466,CUST184,Tokopedia,Rating,2023-07-23,10,
INT000467,CUST217,Instagram,Follow,2023-07-08,5,
INT000468,CUST196,WhatsApp,Response,2023-07-12,8,
INT000469,CUST043,Tokopedia,Wishlist,2023-07-22,3,
INT000470,CUST275,Instagram,Like,2023-07-20,5,
INT000471,CUST099,WhatsApp,Inquiry,2023-07-18,9,19.0
INT000472,CUST215,Instagram,Share,2023-08-24,7,
INT000473,CUST195,Instagram,Follow,2023-08-06,2,
INT000474,CUST139,Instagram,Follow,2023-08-02,9,
INT000475,CUST209,Instagram,Share,2023-08-19,2,
INT000476,CUST186,Tokopedia,Chat,2023-08-03,4,
INT000477,CUST141,Instagram,Like,2023-08-11,4,
INT000478,CUST194,Instagram,Like,2023-08-04,9,
INT000479,CUST157,WhatsApp,Order,2023-08-02,9,
INT000480,CUST179,WhatsApp,Feedback,2023-08-26,5,
INT000481,CUST283,Tokopedia,Purchase,2023-08-02,1,
INT000482,CUST088,Tokopedia,Wishlist,2023-08-04,6,
INT000483,CUST273,WhatsApp,Feedback,2023-08-27,7,
INT000484,CUST245,WhatsApp,Response,2023-08-07,1,
INT000485,CUST263,WhatsApp,Response,2023-08-20,3,
INT000486,CUST074,Tokopedia,Purchase,2023-08-22,5,
INT000487,CUST028,WhatsApp,Inquiry,2023-08-21,4,21.0
INT000488,CUST215,WhatsApp,Order,2023-08-04,8,
INT000489,CUST182,Tokopedia,Purchase,2023-08-08,5,
INT000490,CUST220,WhatsApp,Response,2023-08-08,2,
INT000491,CUST157,Tokopedia,Chat,2023-08-26,2,
INT000492,CUST041,Instagram,Comment,2023-08-01,3,
INT000493,CUST295,Instagram,Like,2023-08-22,5,
INT000494,CUST284,Tokopedia,Review,2023-08-12,9,
INT000495,CUST070,Tokopedia,Wishlist,2023-08-15,9,
INT000496,CUST064,Tokopedia,Review,2023-08-18,4,
INT000497,CUST004,WhatsApp,Order,2023-08-21,9,
INT000498,CUST177,Instagram,Follow,2023-08-20,10,
INT000499,CUST022,WhatsApp,Order,2023-08-04,9,
INT000500,CUST116,Instagram,Like,2023-08-10,3,
INT000501,CUST264,Tokopedia,Review,2023-08-12,8,
INT000502,CUST195,Instagram,Share,2023-08-02,6,
INT000503,CUST128,WhatsApp,Message,2023-08-08,5,15.0
INT000504,CUST151,Tokopedia,Rating,2023-07-30,10,
INT000505,CUST202,Instagram,Share,2023-08-28,9,
INT000506,CUST019,Tokopedia,Purchase,2023-08-26,8,
INT000507,CUST030,Tokopedia,Review,2023-08-18,8,
INT000508,CUST169,Tokopedia,Chat,2023-08-02,1,
INT000509,CUST180,WhatsApp,Response,2023-08-11,6,
INT000510,CUST005,Instagram,Save,2023-08-14,4,
INT000511,CUST044,WhatsApp,Feedback,2023-08-27,3,
INT000512,CUST211,Instagram,Save,2023-07-30,3,
INT000513,CUST129,Instagram,Save,2023-08-11,6,
INT000514,CUST154,Tokopedia,Wishlist,2023-08-27,3,
INT000515,CUST275,Tokopedia,Review,2023-08-13,8,
INT000516,CUST083,Instagram,Share,2023-08-22,7,
INT000517,CUST003,Tokopedia,Rating,2023-08-02,4,
INT000518,CUST146,Instagram,Comment,2023-08-11,7,
INT000519,CUST170,Instagram,Comment,2023-08-20,4,
INT000520,CUST246,WhatsApp,Inquiry,2023-08-02,7,15.0
INT000521,CUST282,Tokopedia,Rating,2023-08-09,7,
INT000522,CUST257,WhatsApp,Order,2023-08-03,2,
INT000523,CUST056,Instagram,Comment,2023-08-03,6,
INT000524,CUST257,Instagram,Comment,2023-07-31,6,
INT000525,CUST220,WhatsApp,Message,2023-08-12,8,9.0
INT000526,CUST145,Tokopedia,Review,2023-08-23,7,
INT000527,CUST127,WhatsApp,Response,2023-08-22,9,
INT000528,CUST096,Instagram,Share,2023-08-23,2,
INT000529,CUST135,WhatsApp,Response,2023-08-20,7,
INT000530,CUST102,Tokopedia,Review,2023-08-21,9,
INT000531,CUST093,Instagram,Follow,2023-08-19,3,
INT000532,CUST118,Instagram,Comment,2023-08-11,1,
INT000533,CUST141,Instagram,Comment,2023-08-12,1,
INT000534,CUST103,Instagram,Like,2023-08-11,7,
INT000535,CUST269,Tokopedia,Rating,2023-08-06,6,
INT000536,CUST219,Tokopedia,Review,2023-08-15,7,
INT000537,CUST027,Tokopedia,Review,2023-08-07,6,
INT000538,CUST144,Tokopedia,Wishlist,2023-08-06,6,
INT000539,CUST025,Instagram,Like,2023-07-30,1,
INT000540,CUST165,Instagram,Share,2023-08-14,5,
INT000541,CUST052,Tokopedia,Rating,2023-08-07,8,
INT000542,CUST187,Tokopedia,Chat,2023-08-02,2,
INT000543,CUST007,WhatsApp,Feedback,2023-08-23,3,
INT000544,CUST170,Tokopedia,Chat,2023-08-22,10,
INT000545,CUST271,WhatsApp,Inquiry,2023-08-06,5,6.0
INT000546,CUST300,Tokopedia,Review,2023-08-27,2,
INT000547,CUST067,WhatsApp,Feedback,2023-08-02,1,
INT000548,CUST098,Instagram,Save,2023-08-28,2,
INT000549,CUST039,WhatsApp,Feedback,2023-08-09,5,
INT000550,CUST243,Instagram,Follow,2023-08-22,3,
INT000551,CUST023,Instagram,Comment,2023-08-12,9,
INT000552,CUST130,WhatsApp,Inquiry,2023-08-27,6,14.0
INT000553,CUST061,Tokopedia,Review,2023-08-14,7,
INT000554,CUST269,WhatsApp,Message,2023-08-04,10,8.0
INT000555,CUST067,Tokopedia,Review,2023-08-17,1,
INT000556,CUST098,WhatsApp,Order,2023-08-14,9,
INT000557,CUST263,Instagram,Comment,2023-08-13,9,
INT000558,CUST197,WhatsApp,Order,2023-08-11,10,
INT000559,CUST140,Instagram,Comment,2023-07-30,3,
INT000560,CUST293,Instagram,Follow,2023-08-21,1,
INT000561,CUST263,Tokopedia,Purchase,2023-08-21,9,
INT000562,CUST133,Tokopedia,Rating,2023-08-08,5,
INT000563,CUST283,Instagram,Comment,2023-08-06,1,
INT000564,CUST274,Instagram,Share,2023-07-31,3,
INT000565,CUST143,Instagram,Share,2023-08-26,1,
INT000566,CUST128,Instagram,Follow,2023-08-02,1,
INT000567,CUST178,WhatsApp,Feedback,2023-08-10,6,
INT000568,CUST043,WhatsApp,Feedback,2023-08-07,3,
INT000569,CUST210,WhatsApp,Inquiry,2023-08-09,1,20.0
INT000570,CUST006,Tokopedia,Rating,2023-08-22,5,
INT000571,CUST091,Tokopedia,Review,2023-08-16,10,
INT000572,CUST055,WhatsApp,Order,2023-08-19,5,
INT000573,CUST283,Instagram,Save,2023-08-06,6,
INT000574,CUST138,Instagram,Follow,2023-08-19,7,
INT000575,CUST080,Tokopedia,Rating,2023-08-22,7,
INT000576,CUST189,Instagram,Save,2023-08-01,8,
INT000577,CUST093,Tokopedia,Rating,2023-08-25,3,
INT000578,CUST097,WhatsApp,Order,2023-08-22,3,
INT000579,CUST145,Instagram,Share,2023-08-04,3,
INT000580,CUST202,WhatsApp,Feedback,2023-08-05,2,
INT000581,CUST074,Instagram,Save,2023-08-06,8,
INT000582,CUST207,Instagram,Follow,2023-08-03,1,
INT000583,CUST052,Tokopedia,Wishlist,2023-07-30,2,
INT000584,CUST007,WhatsApp,Message,2023-08-03,4,24.0
INT000585,CUST043,Tokopedia,Rating,2023-08-19,10,
INT000586,CUST007,Instagram,Like,2023-08-16,6,
INT000587,CUST044,Instagram,Comment,2023-08-14,10,
INT000588,CUST228,Instagram,Share,2023-08-09,8,
INT000589,CUST080,Instagram,Like,2023-08-16,5,
INT000590,CUST279,Instagram,Like,2023-08-25,1,
INT000591,CUST053,WhatsApp,Inquiry,2023-08-02,9,13.0
INT000592,CUST001,Instagram,Like,2023-09-05,7,
INT000593,CUST198,Instagram,Share,2023-09-18,5,
INT000594,CUST116,WhatsApp,Order,2023-09-19,2,
INT000595,CUST252,Instagram,Like,2023-09-05,2,
INT000596,CUST145,Tokopedia,Review,2023-09-17,6,
INT000597,CUST061,Tokopedia,Review,2023-09-26,1,
INT000598,CUST078,Instagram,Save,2023-09-14,6,
INT000599,CUST093,WhatsApp,Order,2023-09-02,5,
INT000600,CUST147,Tokopedia,Review,2023-09-06,8,
INT000601,CUST189,Tokopedia,Review,2023-09-23,1,
INT000602,CUST077,WhatsApp,Response,2023-09-08,3,
INT000603,CUST200,Tokopedia,Wishlist,2023-09-24,2,
INT000604,CUST058,WhatsApp,Order,2023-09-21,5,
INT000605,CUST075,Instagram,Share,2023-09-02,3,
INT000606,CUST198,Tokopedia,Chat,2023-09-13,7,
INT000607,CUST247,WhatsApp,Order,2023-09-17,6,
INT000608,CUST071,WhatsApp,Response,2023-09-10,7,
INT000609,CUST282,Tokopedia,Purchase,2023-09-15,8,
INT000610,CUST273,WhatsApp,Response,2023-09-10,2,
INT000611,CUST298,WhatsApp,Order,2023-09-14,10,
INT000612,CUST113,WhatsApp,Message,2023-09-05,6,0.0
INT000613,CUST105,Instagram,Share,2023-09-15,8,
INT000614,CUST069,Instagram,Like,2023-09-27,6,
INT000615,CUST185,Instagram,Share,2023-09-12,3,
INT000616,CUST283,Tokopedia,Rating,2023-09-04,4,
INT000617,CUST029,WhatsApp,Response,2023-09-01,3,
INT000618,CUST194,WhatsApp,Message,2023-09-20,7,11.0
INT000619,CUST028,WhatsApp,Message,2023-09-19,10,2.0
INT000620,CUST245,WhatsApp,Response,2023-08-29,3,
INT000621,CUST188,Instagram,Like,2023-09-05,2,
INT000622,CUST007,WhatsApp,Order,2023-09-02,3,
INT000623,CUST241,WhatsApp,Response,2023-09-21,9,
INT000624,CUST154,Tokopedia,Wishlist,2023-09-21,6,
INT000625,CUST228,WhatsApp,Message,2023-09-07,2,4.0
INT000626,CUST031,WhatsApp,Message,2023-09-17,3,16.0
INT000627,CUST083,Instagram,Save,2023-09-24,7,
INT000628,CUST233,WhatsApp,Inquiry,2023-09-27,10,16.0
INT000629,CUST157,WhatsApp,Response,2023-09-11,3,
INT000630,CUST140,Instagram,Follow,2023-09-10,3,
INT000631,CUST109,Tokopedia,Purchase,2023-08-30,4,
INT000632,CUST201,Instagram,Follow,2023-09-17,2,
INT000633,CUST240,Tokopedia,Chat,2023-09-18,7,
INT000634,CUST195,Instagram,Like,2023-09-23,6,
INT000635,CUST218,Instagram,Share,2023-09-01,2,
INT000636,CUST040,Tokopedia,Purchase,2023-09-22,6,
INT000637,CUST015,Instagram,Share,2023-09-03,9,
INT000638,CUST055,Instagram,Comment,2023-09-17,1,
INT000639,CUST159,Instagram,Follow,2023-09-04,1,
INT000640,CUST124,Tokopedia,Review,2023-09-16,10,
INT000641,CUST023,WhatsApp,Order,2023-08-30,1,
INT000642,CUST162,Instagram,Share,2023-08-29,6,
INT000643,CUST145,Tokopedia,Purchase,2023-09-04,6,
INT000644,CUST201,WhatsApp,Inquiry,2023-09-02,2,10.0
INT000645,CUST209,WhatsApp,Feedback,2023-09-01,9,
INT000646,CUST077,Instagram,Follow,2023-09-23,7,
INT000647,CUST245,WhatsApp,Message,2023-09-07,3,4.0
INT000648,CUST238,Instagram,Like,2023-09-20,4,
INT000649,CUST111,WhatsApp,Response,2023-09-22,3,
INT000650,CUST257,WhatsApp,Feedback,2023-09-18,9,
INT000651,CUST175,Tokopedia,Rating,2023-09-08,5,
INT000652,CUST185,WhatsApp,Order,2023-08-30,7,
INT000653,CUST123,Instagram,Follow,2023-09-17,2,
INT000654,CUST079,WhatsApp,Order,2023-09-01,1,
INT000655,CUST074,Tokopedia,Purchase,2023-09-25,2,
INT000656,CUST256,Instagram,Save,2023-09-08,3,
INT000657,CUST152,Instagram,Like,2023-09-06,10,
INT000658,CUST187,Tokopedia,Review,2023-08-31,3,
INT000659,CUST236,Tokopedia,Wishlist,2023-09-06,8,
INT000660,CUST072,Instagram,Follow,2023-09-13,1,
INT000661,CUST187,Tokopedia,Wishlist,2023-09-11,10,
INT000662,CUST067,Tokopedia,Chat,2023-09-14,10,
INT000663,CUST161,Tokopedia,Review,2023-09-19,7,
INT000664,CUST260,Tokopedia,Chat,2023-09-26,1,
INT000665,CUST030,WhatsApp,Response,2023-09-20,9,
INT000666,CUST005,Instagram,Like,2023-09-07,7,
INT000667,CUST082,WhatsApp,Order,2023-09-25,2,
INT000668,CUST115,Tokopedia,Wishlist,2023-09-19,2,
INT000669,CUST179,Tokopedia,Wishlist,2023-09-18,9,
INT000670,CUST239,Instagram,Like,2023-09-03,2,
INT000671,CUST204,Tokopedia,Rating,2023-09-10,6,
INT000672,CUST034,Tokopedia,Chat,2023-09-17,8,
INT000673,CUST109,WhatsApp,Order,2023-09-01,5,
INT000674,CUST233,Instagram,Follow,2023-09-02,8,
INT000675,CUST075,WhatsApp,Response,2023-09-08,10,
INT000676,CUST017,WhatsApp,Order,2023-08-30,6,
INT000677,CUST221,Tokopedia,Rating,2023-08-30,4,
INT000678,CUST012,WhatsApp,Order,2023-09-06,5,
INT000679,CUST091,Instagram,Comment,2023-08-31,5,
INT000680,CUST208,Instagram,Share,2023-09-25,8,
INT000681,CUST215,WhatsApp,Response,2023-09-19,5,
INT000682,CUST095,Instagram,Like,2023-09-26,7,
INT000683,CUST176,Tokopedia,Rating,2023-09-04,6,
INT000684,CUST215,Tokopedia,Wishlist,2023-09-15,3,
INT000685,CUST224,Tokopedia,Purchase,2023-09-10,1,
INT000686,CUST288,WhatsApp,Response,2023-08-31,10,
INT000687,CUST075,Tokopedia,Chat,2023-08-29,3,
INT000688,CUST235,Instagram,Save,2023-09-25,6,
INT000689,CUST059,WhatsApp,Order,2023-09-06,9,
INT000690,CUST002,Tokopedia,Rating,2023-09-18,8,
INT000691,CUST297,Instagram,Like,2023-09-04,4,
INT000692,CUST216,WhatsApp,Feedback,2023-09-22,3,
INT000693,CUST194,Instagram,Share,2023-09-04,4,
INT000694,CUST296,Instagram,Share,2023-09-24,6,
INT000695,CUST009,Tokopedia,Chat,2023-09-14,2,
INT000696,CUST256,WhatsApp,Order,2023-09-11,7,
INT000697,CUST181,Tokopedia,Purchase,2023-09-11,9,
INT000698,CUST172,Instagram,Comment,2023-09-12,7,
INT000699,CUST192,Instagram,Follow,2023-09-17,3,
INT000700,CUST278,Tokopedia,Wishlist,2023-09-07,7,
INT000701,CUST146,WhatsApp,Feedback,2023-09-27,2,
INT000702,CUST045,Instagram,Like,2023-09-18,1,
INT000703,CUST211,Instagram,Save,2023-09-21,10,
INT000704,CUST279,Instagram,Save,2023-09-14,10,
INT000705,CUST017,WhatsApp,Inquiry,2023-09-25,7,6.0
INT000706,CUST115,Tokopedia,Purchase,2023-09-10,2,
INT000707,CUST101,Tokopedia,Review,2023-09-09,8,
INT000708,CUST212,WhatsApp,Order,2023-08-29,6,
INT000709,CUST115,WhatsApp,Inquiry,2023-09-06,5,9.0
INT000710,CUST124,Instagram,Save,2023-09-29,1,
INT000711,CUST014,Instagram,Share,2023-10-24,9,
INT000712,CUST163,Tokopedia,Rating,2023-10-16,7,
INT000713,CUST124,WhatsApp,Order,2023-10-04,10,
INT000714,CUST202,Instagram,Follow,2023-10-11,3,
INT000715,CUST200,WhatsApp,Response,2023-10-10,6,
INT000716,CUST265,Instagram,Save,2023-10-05,2,
INT000717,CUST065,WhatsApp,Message,2023-10-18,10,12.0
INT000718,CUST134,WhatsApp,Response,2023-10-08,4,
INT000719,CUST048,Instagram,Like,2023-10-11,1,
INT000720,CUST079,Instagram,Follow,2023-10-20,9,
INT000721,CUST041,WhatsApp,Order,2023-09-28,3,
INT000722,CUST233,WhatsApp,Inquiry,2023-10-03,4,20.0
INT000723,CUST114,Tokopedia,Rating,2023-10-15,4,
INT000724,CUST194,Tokopedia,Review,2023-10-06,2,
INT000725,CUST074,WhatsApp,Message,2023-10-18,10,3.0
INT000726,CUST057,Tokopedia,Purchase,2023-10-01,2,
INT000727,CUST073,Tokopedia,Chat,2023-10-26,3,
INT000728,CUST048,Instagram,Save,2023-10-25,6,
INT000729,CUST107,Tokopedia,Review,2023-10-13,1,
INT000730,CUST212,Instagram,Save,2023-10-18,2,
INT000731,CUST108,WhatsApp,Order,2023-10-10,6,
INT000732,CUST231,Instagram,Comment,2023-10-07,1,
INT000733,CUST092,WhatsApp,Feedback,2023-10-18,10,
INT000734,CUST017,Instagram,Share,2023-10-09,8,
INT000735,CUST280,Instagram,Comment,2023-10-14,5,
INT000736,CUST063,Instagram,Follow,2023-09-28,9,
INT000737,CUST012,WhatsApp,Feedback,2023-10-22,3,
INT000738,CUST111,Tokopedia,Review,2023-10-26,4,
INT000739,CUST016,Tokopedia,Rating,2023-10-05,2,
INT000740,CUST065,Tokopedia,Chat,2023-10-13,4,
INT000741,CUST048,Tokopedia,Purchase,2023-10-18,5,
INT000742,CUST240,WhatsApp,Order,2023-10-11,9,
INT000743,CUST205,Instagram,Share,2023-10-03,4,
INT000744,CUST144,Tokopedia,Review,2023-10-16,10,
INT000745,CUST160,Instagram,Comment,2023-10-21,8,
INT000746,CUST222,Tokopedia,Wishlist,2023-10-17,5,
INT000747,CUST164,WhatsApp,Message,2023-10-17,7,13.0
INT000748,CUST103,WhatsApp,Inquiry,2023-10-09,2,14.0
INT000749,CUST086,Instagram,Follow,2023-10-06,10,
INT000750,CUST210,Tokopedia,Purchase,2023-10-24,9,
INT000751,CUST181,Tokopedia,Review,2023-10-01,3,
INT000752,CUST166,Tokopedia,Rating,2023-10-09,4,
INT000753,CUST038,Instagram,Share,2023-10-09,3,
INT000754,CUST161,Instagram,Like,2023-10-08,1,
INT000755,CUST169,Instagram,Save,2023-10-16,6,
INT000756,CUST120,WhatsApp,Message,2023-10-10,5,19.0
INT000757,CUST109,WhatsApp,Response,2023-10-01,9,
INT000758,CUST143,WhatsApp,Feedback,2023-10-26,2,
INT000759,CUST294,WhatsApp,Order,2023-10-19,7,
INT000760,CUST163,Tokopedia,Rating,2023-10-04,1,
INT000761,CUST253,Tokopedia,Review,2023-10-06,7,
INT000762,CUST062,Instagram,Save,2023-10-03,10,
INT000763,CUST168,WhatsApp,Order,2023-10-05,10,
INT000764,CUST011,Tokopedia,Review,2023-10-18,10,
INT000765,CUST003,Tokopedia,Chat,2023-10-02,7,
INT000766,CUST019,WhatsApp,Feedback,2023-09-29,6,
INT000767,CUST009,Instagram,Save,2023-10-01,7,
INT000768,CUST155,Tokopedia,Chat,2023-10-22,6,
INT000769,CUST205,Instagram,Follow,2023-10-22,6,
INT000770,CUST253,WhatsApp,Message,2023-10-10,5,22.0
INT000771,CUST233,Tokopedia,Review,2023-10-24,6,
INT000772,CUST053,Instagram,Comment,2023-09-29,1,
INT000773,CUST072,Instagram,Share,2023-10-25,7,
INT000774,CUST116,Instagram,Like,2023-10-04,6,
INT000775,CUST276,Instagram,Like,2023-10-06,1,
INT000776,CUST057,Instagram,Share,2023-09-30,5,
INT000777,CUST169,WhatsApp,Feedback,2023-10-23,7,
INT000778,CUST139,WhatsApp,Response,2023-10-27,3,
INT000779,CUST299,Tokopedia,Review,2023-10-02,6,
INT000780,CUST076,WhatsApp,Order,2023-10-18,8,
INT000781,CUST063,WhatsApp,Feedback,2023-10-05,10,
INT000782,CUST245,WhatsApp,Order,2023-10-06,6,
INT000783,CUST248,Instagram,Like,2023-10-06,5,
INT000784,CUST043,Tokopedia,Purchase,2023-10-24,4,
INT000785,CUST106,WhatsApp,Message,2023-09-30,8,1.0
INT000786,CUST109,Instagram,Comment,2023-10-12,7,
INT000787,CUST097,Tokopedia,Review,2023-10-08,4,
INT000788,CUST271,WhatsApp,Inquiry,2023-10-22,5,22.0
INT000789,CUST233,WhatsApp,Response,2023-10-25,9,
INT000790,CUST055,Instagram,Comment,2023-10-27,6,
INT000791,CUST198,Tokopedia,Purchase,2023-10-14,4,
INT000792,CUST205,Instagram,Like,2023-10-06,7,
INT000793,CUST085,WhatsApp,Inquiry,2023-10-25,10,20.0
INT000794,CUST053,Instagram,Save,2023-10-26,2,
INT000795,CUST057,Instagram,Like,2023-10-26,8,
INT000796,CUST096,Tokopedia,Review,2023-10-13,9,
INT000797,CUST232,Tokopedia,Chat,2023-10-01,9,
INT000798,CUST044,Tokopedia,Wishlist,2023-10-04,3,
INT000799,CUST204,WhatsApp,Order,2023-10-14,6,
INT000800,CUST028,Tokopedia,Chat,2023-10-09,2,
INT000801,CUST026,WhatsApp,Order,2023-10-21,7,
INT000802,CUST100,Tokopedia,Rating,2023-10-10,3,
INT000803,CUST142,WhatsApp,Feedback,2023-10-13,9,
INT000804,CUST222,Instagram,Like,2023-10-18,4,
INT000805,CUST057,Instagram,Like,2023-09-29,1,
INT000806,CUST295,Tokopedia,Rating,2023-09-30,9,
INT000807,CUST052,Tokopedia,Rating,2023-10-26,10,
INT000808,CUST208,Tokopedia,Wishlist,2023-10-01,4,
INT000809,CUST138,Tokopedia,Rating,2023-10-03,4,
INT000810,CUST178,WhatsApp,Inquiry,2023-10-20,10,9.0
INT000811,CUST002,Instagram,Comment,2023-10-14,10,
INT000812,CUST245,WhatsApp,Inquiry,2023-10-25,4,5.0
INT000813,CUST162,WhatsApp,Message,2023-10-03,3,10.0
INT000814,CUST234,Instagram,Like,2023-10-19,8,
INT000815,CUST220,Tokopedia,Review,2023-10-03,5,
INT000816,CUST040,Instagram,Like,2023-10-17,6,
INT000817,CUST243,WhatsApp,Message,2023-10-13,4,15.0
INT000818,CUST057,Instagram,Like,2023-10-16,5,
INT000819,CUST117,WhatsApp,Feedback,2023-10-03,3,
INT000820,CUST049,Instagram,Share,2023-10-23,6,
INT000821,CUST232,Tokopedia,Chat,2023-10-15,5,
INT000822,CUST250,Tokopedia,Chat,2023-10-12,1,
INT000823,CUST181,Tokopedia,Chat,2023-10-26,9,
INT000824,CUST248,Instagram,Share,2023-10-19,9,
INT000825,CUST011,Instagram,Save,2023-10-25,4,
INT000826,CUST073,Tokopedia,Wishlist,2023-09-28,4,
INT000827,CUST296,WhatsApp,Order,2023-10-09,4,
INT000828,CUST046,Instagram,Save,2023-10-18,2,
INT000829,CUST141,WhatsApp,Feedback,2023-10-26,8,
INT000830,CUST270,Instagram,Share,2023-10-27,6,
INT000831,CUST170,Tokopedia,Purchase,2023-10-11,5,
INT000832,CUST159,Instagram,Like,2023-10-16,9,
INT000833,CUST176,WhatsApp,Message,2023-10-11,8,18.0
INT000834,CUST178,Tokopedia,Review,2023-09-28,8,
INT000835,CUST076,Tokopedia,Rating,2023-10-14,5,
INT000836,CUST286,WhatsApp,Response,2023-10-07,8,
INT000837,CUST148,Instagram,Share,2023-09-28,8,
INT000838,CUST021,Instagram,Share,2023-10-24,10,
INT000839,CUST064,Instagram,Save,2023-10-07,1,
INT000840,CUST221,Tokopedia,Review,2023-09-29,5,
INT000841,CUST071,Tokopedia,Chat,2023-10-23,9,
INT000842,CUST288,Instagram,Like,2023-10-20,5,
INT000843,CUST074,WhatsApp,Response,2023-10-11,10,
INT000844,CUST042,Tokopedia,Rating,2023-09-29,8,
INT000845,CUST182,Instagram,Save,2023-10-11,7,
INT000846,CUST051,Tokopedia,Chat,2023-10-17,5,
INT000847,CUST089,WhatsApp,Order,2023-10-19,6,
INT000848,CUST297,Instagram,Comment,2023-10-06,3,
INT000849,CUST214,WhatsApp,Response,2023-10-07,5,
INT000850,CUST044,Tokopedia,Purchase,2023-10-27,8,
INT000851,CUST280,Instagram,Save,2023-10-23,7,
INT000852,CUST050,Instagram,Follow,2023-10-12,6,
INT000853,CUST258,WhatsApp,Inquiry,2023-10-12,6,13.0
INT000854,CUST239,Tokopedia,Wishlist,2023-10-12,1,
INT000855,CUST287,Instagram,Save,2023-09-30,3,
INT000856,CUST155,Instagram,Follow,2023-10-14,6,
INT000857,CUST066,WhatsApp,Feedback,2023-10-26,10,
INT000858,CUST151,Instagram,Save,2023-10-02,7,
INT000859,CUST004,Tokopedia,Purchase,2023-10-12,1,
INT000860,CUST044,Instagram,Share,2023-10-24,2,
INT000861,CUST171,WhatsApp,Message,2023-10-24,5,18.0
INT000862,CUST247,WhatsApp,Inquiry,2023-10-25,1,3.0
INT000863,CUST300,WhatsApp,Feedback,2023-11-20,1,
INT000864,CUST105,WhatsApp,Response,2023-11-14,8,
INT000865,CUST070,Instagram,Comment,2023-11-06,5,
INT000866,CUST004,Tokopedia,Purchase,2023-11-19,4,
INT000867,CUST059,Instagram,Like,2023-11-01,10,
INT000868,CUST062,WhatsApp,Message,2023-11-04,4,3.0
INT000869,CUST243,Instagram,Follow,2023-11-11,7,
INT000870,CUST029,Instagram,Share,2023-11-09,8,
INT000871,CUST095,Instagram,Follow,2023-11-05,10,
INT000872,CUST225,WhatsApp,Feedback,2023-10-31,7,
INT000873,CUST075,WhatsApp,Message,2023-11-02,3,23.0
INT000874,CUST124,Instagram,Follow,2023-11-20,9,
INT000875,CUST103,Tokopedia,Wishlist,2023-11-06,5,
INT000876,CUST052,WhatsApp,Order,2023-11-08,5,
INT000877,CUST201,Tokopedia,Review,2023-11-11,7,
INT000878,CUST218,Instagram,Like,2023-11-06,8,
INT000879,CUST062,WhatsApp,Order,2023-10-28,10,
INT000880,CUST156,Instagram,Follow,2023-11-11,1,
INT000881,CUST182,Instagram,Save,2023-11-25,8,
INT000882,CUST142,Instagram,Comment,2023-11-08,9,
INT000883,CUST258,Instagram,Share,2023-11-25,9,
INT000884,CUST200,WhatsApp,Message,2023-11-02,3,11.0
INT000885,CUST289,Tokopedia,Wishlist,2023-11-19,3,
INT000886,CUST143,WhatsApp,Inquiry,2023-11-26,7,2.0
INT000887,CUST248,Tokopedia,Wishlist,2023-11-16,3,
INT000888,CUST295,WhatsApp,Feedback,2023-11-21,9,
INT000889,CUST133,Instagram,Share,2023-11-15,10,
INT000890,CUST179,WhatsApp,Feedback,2023-11-23,7,
INT000891,CUST035,Instagram,Like,2023-11-24,3,
INT000892,CUST119,Instagram,Like,2023-11-12,8,
INT000893,CUST166,Instagram,Comment,2023-10-31,3,
INT000894,CUST197,Tokopedia,Review,2023-10-29,10,
INT000895,CUST129,Instagram,Like,2023-11-24,2,
INT000896,CUST227,Tokopedia,Purchase,2023-11-17,1,
INT000897,CUST090,Tokopedia,Review,2023-11-19,8,
INT000898,CUST194,Instagram,Follow,2023-11-14,4,
INT000899,CUST101,Tokopedia,Wishlist,2023-11-11,5,
INT000900,CUST116,Instagram,Comment,2023-11-10,9,
INT000901,CUST099,Instagram,Follow,2023-10-28,2,
INT000902,CUST105,Instagram,Comment,2023-11-25,1,
INT000903,CUST185,Tokopedia,Purchase,2023-11-14,2,
INT000904,CUST175,Instagram,Follow,2023-11-12,4,
INT000905,CUST107,WhatsApp,Order,2023-11-13,6,
INT000906,CUST183,WhatsApp,Feedback,2023-11-24,3,
INT000907,CUST035,Tokopedia,Wishlist,2023-11-17,7,
INT000908,CUST037,WhatsApp,Message,2023-11-01,9,9.0
INT000909,CUST052,Instagram,Save,2023-11-04,1,
INT000910,CUST277,Tokopedia,Review,2023-11-04,5,
INT000911,CUST129,Tokopedia,Chat,2023-10-30,3,
INT000912,CUST148,Instagram,Follow,2023-11-15,4,
INT000913,CUST266,WhatsApp,Feedback,2023-11-06,7,
INT000914,CUST030,WhatsApp,Message,2023-11-15,8,8.0
INT000915,CUST016,Instagram,Share,2023-11-10,5,
INT000916,CUST103,Tokopedia,Review,2023-11-01,4,
INT000917,CUST281,WhatsApp,Inquiry,2023-11-26,1,7.0
INT000918,CUST253,Instagram,Follow,2023-11-25,10,
INT000919,CUST019,Tokopedia,Review,2023-11-10,10,
INT000920,CUST042,WhatsApp,Order,2023-11-01,5,
INT000921,CUST022,Instagram,Like,2023-11-12,9,
INT000922,CUST116,WhatsApp,Inquiry,2023-11-10,8,9.0
INT000923,CUST117,Instagram,Like,2023-10-28,4,
INT000924,CUST274,WhatsApp,Order,2023-11-18,1,
INT000925,CUST283,Tokopedia,Review,2023-11-09,7,
INT000926,CUST065,Tokopedia,Wishlist,2023-11-14,3,
INT000927,CUST060,Tokopedia,Review,2023-11-25,10,
INT000928,CUST189,Tokopedia,Rating,2023-11-07,7,
INT000929,CUST030,Instagram,Comment,2023-10-30,10,
INT000930,CUST006,Instagram,Save,2023-11-20,9,
INT000931,CUST291,Instagram,Like,2023-11-24,4,
INT000932,CUST030,Instagram,Like,2023-11-01,8,
INT000933,CUST093,Tokopedia,Review,2023-11-07,6,
INT000934,CUST126,Tokopedia,Rating,2023-11-16,7,
INT000935,CUST246,WhatsApp,Message,2023-11-18,2,2.0
INT000936,CUST129,WhatsApp,Response,2023-11-12,6,
INT000937,CUST113,Tokopedia,Chat,2023-11-08,9,
INT000938,CUST150,WhatsApp,Response,2023-11-13,5,
INT000939,CUST164,WhatsApp,Feedback,2023-11-13,2,
INT000940,CUST028,Tokopedia,Wishlist,2023-11-19,10,
INT000941,CUST249,Tokopedia,Review,2023-11-03,3,
INT000942,CUST267,Instagram,Share,2023-11-20,9,
INT000943,CUST108,Instagram,Share,2023-11-20,3,
INT000944,CUST019,Instagram,Save,2023-11-17,8,
INT000945,CUST059,Instagram,Save,2023-11-23,1,
INT000946,CUST139,Tokopedia,Purchase,2023-11-09,5,
INT000947,CUST044,Instagram,Share,2023-11-24,10,
INT000948,CUST197,Tokopedia,Review,2023-11-24,7,
INT000949,CUST197,Tokopedia,Review,2023-11-04,4,
INT000950,CUST195,Instagram,Save,2023-11-14,1,
INT000951,CUST157,Instagram,Follow,2023-11-21,6,
INT000952,CUST014,WhatsApp,Inquiry,2023-11-26,5,24.0
INT000953,CUST111,Instagram,Share,2023-11-20,10,
INT000954,CUST223,Tokopedia,Review,2023-11-22,2,
INT000955,CUST284,Tokopedia,Chat,2023-11-24,9,
INT000956,CUST238,Tokopedia,Purchase,2023-11-20,10,
INT000957,CUST266,Tokopedia,Rating,2023-11-09,8,
INT000958,CUST122,Instagram,Like,2023-11-05,5,
INT000959,CUST044,Instagram,Follow,2023-11-06,6,
INT000960,CUST293,Tokopedia,Review,2023-11-16,5,
INT000961,CUST186,Tokopedia,Chat,2023-11-22,10,
INT000962,CUST007,Instagram,Share,2023-11-15,6,
INT000963,CUST136,Instagram,Save,2023-11-11,1,
INT000964,CUST226,Instagram,Save,2023-10-29,6,
INT000965,CUST246,WhatsApp,Feedback,2023-11-03,7,
INT000966,CUST030,WhatsApp,Message,2023-11-05,10,17.0
INT000967,CUST161,Instagram,Save,2023-11-02,5,
INT000968,CUST142,Tokopedia,Wishlist,2023-11-01,4,
INT000969,CUST090,Instagram,Follow,2023-11-17,1,
INT000970,CUST120,Instagram,Like,2023-11-02,9,
INT000971,CUST226,WhatsApp,Inquiry,2023-10-29,9,22.0
INT000972,CUST117,Instagram,Share,2023-11-05,1,
INT000973,CUST181,WhatsApp,Message,2023-11-16,4,11.0
INT000974,CUST056,Instagram,Follow,2023-11-11,2,
INT000975,CUST262,Instagram,Comment,2023-11-03,6,
INT000976,CUST293,Tokopedia,Wishlist,2023-10-30,7,
INT000977,CUST145,Instagram,Like,2023-11-07,10,
INT000978,CUST185,Tokopedia,Wishlist,2023-11-25,6,
INT000979,CUST241,Tokopedia,Purchase,2023-10-28,3,
INT000980,CUST189,Instagram,Share,2023-11-26,3,
INT000981,CUST014,Instagram,Follow,2023-11-03,6,
INT000982,CUST262,WhatsApp,Feedback,2023-11-22,10,
INT000983,CUST177,Instagram,Save,2023-11-23,10,
INT000984,CUST017,WhatsApp,Response,2023-11-09,2,
INT000985,CUST040,Instagram,Follow,2023-11-13,10,
INT000986,CUST281,WhatsApp,Order,2023-11-14,2,
INT000987,CUST271,Instagram,Follow,2023-11-12,9,
INT000988,CUST267,Tokopedia,Chat,2023-11-05,4,
INT000989,CUST295,Tokopedia,Rating,2023-11-07,4,
INT000990,CUST186,Instagram,Save,2023-11-07,2,
INT000991,CUST124,Tokopedia,Wishlist,2023-11-08,2,
INT000992,CUST181,WhatsApp,Feedback,2023-10-30,6,
INT000993,CUST248,WhatsApp,Response,2023-11-11,7,
INT000994,CUST118,WhatsApp,Response,2023-11-26,9,
INT000995,CUST126,Tokopedia,Purchase,2023-11-18,3,
INT000996,CUST134,Tokopedia,Chat,2023-11-07,2,
INT000997,CUST042,Tokopedia,Wishlist,2023-11-13,3,
INT000998,CUST295,Tokopedia,Rating,2023-11-25,3,
INT000999,CUST233,Instagram,Comment,2023-10-31,7,
INT001000,CUST135,WhatsApp,Order,2023-11-20,2,
INT001001,CUST065,Instagram,Save,2023-10-28,3,
INT001002,CUST038,Instagram,Follow,2023-11-24,9,
INT001003,CUST199,Tokopedia,Chat,2023-11-01,7,
INT001004,CUST286,Instagram,Share,2023-10-31,6,
INT001005,CUST173,WhatsApp,Feedback,2023-11-16,2,
INT001006,CUST024,Instagram,Share,2023-11-11,7,
INT001007,CUST231,WhatsApp,Order,2023-11-06,8,
INT001008,CUST069,WhatsApp,Response,2023-11-20,10,
INT001009,CUST261,Instagram,Comment,2023-11-25,1,
INT001010,CUST190,WhatsApp,Order,2023-11-09,6,
INT001011,CUST225,Instagram,Follow,2023-11-20,10,
INT001012,CUST144,Instagram,Comment,2023-11-06,8,
INT001013,CUST175,Instagram,Follow,2023-11-13,9,
INT001014,CUST297,WhatsApp,Order,2023-11-06,6,
INT001015,CUST197,Tokopedia,Rating,2023-11-01,1,
INT001016,CUST108,Tokopedia,Purchase,2023-11-05,10,
INT001017,CUST161,Instagram,Share,2023-11-06,3,
INT001018,CUST061,Tokopedia,Chat,2023-11-12,8,
INT001019,CUST115,Instagram,Share,2023-11-26,5,
INT001020,CUST055,Instagram,Share,2023-11-01,2,
INT001021,CUST106,WhatsApp,Feedback,2023-11-21,3,
INT001022,CUST015,WhatsApp,Message,2023-11-25,9,17.0
INT001023,CUST100,Instagram,Save,2023-11-23,1,
INT001024,CUST190,Instagram,Share,2023-11-15,7,
INT001025,CUST228,WhatsApp,Response,2023-11-23,8,
INT001026,CUST152,Instagram,Like,2023-11-11,7,
INT001027,CUST253,Tokopedia,Review,2023-11-24,3,
INT001028,CUST143,WhatsApp,Message,2023-11-08,2,23.0
INT001029,CUST114,WhatsApp,Message,2023-11-07,3,16.0
INT001030,CUST172,Tokopedia,Wishlist,2023-11-17,9,
INT001031,CUST038,WhatsApp,Inquiry,2023-11-25,1,13.0
INT001032,CUST052,WhatsApp,Feedback,2023-11-07,4,
INT001033,CUST286,WhatsApp,Message,2023-11-17,1,7.0
INT001034,CUST071,WhatsApp,Order,2023-11-24,4,
INT001035,CUST101,Tokopedia,Wishlist,2023-11-01,8,
INT001036,CUST096,WhatsApp,Order,2023-11-06,3,
INT001037,CUST102,WhatsApp,Message,2023-11-13,4,0.0
INT001038,CUST223,Instagram,Save,2023-11-14,10,
INT001039,CUST107,WhatsApp,Response,2023-10-29,7,
INT001040,CUST135,WhatsApp,Order,2023-11-17,10,
INT001041,CUST121,WhatsApp,Inquiry,2023-11-12,9,21.0
INT001042,CUST093,Tokopedia,Rating,2023-11-25,5,
INT001043,CUST249,Tokopedia,Wishlist,2023-11-16,6,
INT001044,CUST279,Tokopedia,Chat,2023-10-31,4,
INT001045,CUST058,Tokopedia,Wishlist,2023-11-11,6,
INT001046,CUST127,WhatsApp,Order,2023-10-31,3,
INT001047,CUST238,Tokopedia,Review,2023-11-08,7,
INT001048,CUST066,Tokopedia,Wishlist,2023-11-16,7,
INT001049,CUST121,Instagram,Share,2023-11-05,9,
INT001050,CUST111,Tokopedia,Review,2023-11-14,6,
INT001051,CUST134,WhatsApp,Inquiry,2023-11-10,7,14.0
INT001052,CUST218,Tokopedia,Chat,2023-11-26,1,
INT001053,CUST138,Tokopedia,Rating,2023-11-07,1,
INT001054,CUST158,Tokopedia,Wishlist,2023-11-04,10,
INT001055,CUST086,WhatsApp,Response,2023-11-21,2,
INT001056,CUST169,Instagram,Follow,2023-11-14,1,
INT001057,CUST011,Tokopedia,Review,2023-12-21,6,
INT001058,CUST181,WhatsApp,Message,2023-12-17,1,16.0
INT001059,CUST108,Tokopedia,Purchase,2023-12-03,3,
INT001060,CUST275,Tokopedia,Rating,2023-12-06,3,
INT001061,CUST192,Tokopedia,Wishlist,2023-12-03,9,
INT001062,CUST128,Instagram,Like,2023-12-24,1,
INT001063,CUST270,Instagram,Follow,2023-12-09,8,
INT001064,CUST022,Instagram,Share,2023-12-06,1,
INT001065,CUST118,WhatsApp,Response,2023-11-28,5,
INT001066,CUST064,Tokopedia,Wishlist,2023-12-01,5,
INT001067,CUST044,Instagram,Like,2023-12-13,7,
INT001068,CUST011,Instagram,Follow,2023-12-16,3,
INT001069,CUST049,WhatsApp,Feedback,2023-12-22,7,
INT001070,CUST100,WhatsApp,Inquiry,2023-12-22,6,13.0
INT001071,CUST263,WhatsApp,Message,2023-12-06,5,14.0
INT001072,CUST104,Instagram,Share,2023-12-17,10,
INT001073,CUST242,Tokopedia,Chat,2023-12-10,2,
INT001074,CUST114,Tokopedia,Purchase,2023-12-05,8,
INT001075,CUST146,WhatsApp,Feedback,2023-12-13,4,
INT001076,CUST196,Instagram,Save,2023-12-20,7,
INT001077,CUST191,WhatsApp,Message,2023-12-11,4,18.0
INT001078,CUST013,Tokopedia,Rating,2023-12-11,6,
INT001079,CUST245,WhatsApp,Message,2023-12-17,5,10.0
INT001080,CUST074,WhatsApp,Message,2023-11-30,9,5.0
INT001081,CUST107,Tokopedia,Purchase,2023-12-04,2,
INT001082,CUST073,Tokopedia,Purchase,2023-12-23,8,
INT001083,CUST268,WhatsApp,Feedback,2023-12-21,4,
INT001084,CUST031,Tokopedia,Chat,2023-12-10,5,
INT001085,CUST173,Instagram,Like,2023-12-07,10,
INT001086,CUST209,Instagram,Share,2023-12-19,4,
INT001087,CUST288,Tokopedia,Purchase,2023-12-12,6,
INT001088,CUST121,Tokopedia,Wishlist,2023-12-19,8,
INT001089,CUST264,WhatsApp,Message,2023-12-26,2,13.0
INT001090,CUST040,Tokopedia,Rating,2023-12-21,1,
INT001091,CUST083,WhatsApp,Message,2023-12-02,4,14.0
INT001092,CUST059,Instagram,Save,2023-12-12,3,
INT001093,CUST269,Tokopedia,Rating,2023-12-20,9,
INT001094,CUST215,Tokopedia,Review,2023-12-06,2,
INT001095,CUST223,Tokopedia,Chat,2023-12-13,6,
INT001096,CUST191,WhatsApp,Response,2023-12-01,5,
INT001097,CUST268,WhatsApp,Response,2023-12-22,10,
INT001098,CUST191,WhatsApp,Feedback,2023-12-05,8,
INT001099,CUST237,Instagram,Share,2023-12-26,3,
INT001100,CUST085,WhatsApp,Order,2023-11-27,6,
INT001101,CUST214,Instagram,Comment,2023-12-12,2,
INT001102,CUST003,Tokopedia,Rating,2023-12-03,2,
INT001103,CUST276,Tokopedia,Chat,2023-11-30,1,
INT001104,CUST240,WhatsApp,Response,2023-11-29,6,
INT001105,CUST287,Instagram,Share,2023-12-17,1,
INT001106,CUST099,Tokopedia,Chat,2023-12-23,7,
INT001107,CUST300,WhatsApp,Inquiry,2023-12-08,10,24.0
INT001108,CUST207,Tokopedia,Purchase,2023-12-14,4,
INT001109,CUST040,WhatsApp,Response,2023-11-30,4,
INT001110,CUST144,Instagram,Share,2023-12-15,2,
INT001111,CUST065,WhatsApp,Feedback,2023-12-17,7,
INT001112,CUST170,WhatsApp,Feedback,2023-12-16,5,
INT001113,CUST243,Instagram,Comment,2023-11-27,4,
INT001114,CUST111,Instagram,Follow,2023-12-01,3,
INT001115,CUST085,Tokopedia,Review,2023-12-07,2,
INT001116,CUST027,Instagram,Follow,2023-12-22,8,
INT001117,CUST218,WhatsApp,Order,2023-12-07,5,
INT001118,CUST257,Instagram,Comment,2023-12-14,7,
INT001119,CUST194,Tokopedia,Wishlist,2023-12-08,5,
INT001120,CUST268,Tokopedia,Purchase,2023-11-29,10,
INT001121,CUST110,Instagram,Share,2023-12-19,3,
INT001122,CUST224,WhatsApp,Order,2023-12-12,5,
INT001123,CUST062,WhatsApp,Order,2023-12-17,6,
INT001124,CUST092,Instagram,Share,2023-12-24,8,
INT001125,CUST178,WhatsApp,Order,2023-12-03,10,
INT001126,CUST287,Instagram,Save,2023-12-08,3,
INT001127,CUST006,Instagram,Save,2023-12-08,9,
INT001128,CUST100,Instagram,Follow,2023-12-06,6,
INT001129,CUST049,Tokopedia,Chat,2023-12-13,1,
INT001130,CUST140,Instagram,Share,2023-12-17,8,
INT001131,CUST204,Instagram,Share,2023-12-05,1,
INT001132,CUST293,Instagram,Save,2023-12-16,8,
INT001133,CUST252,Instagram,Save,2023-12-20,9,
INT001134,CUST054,Instagram,Share,2023-11-27,10,
INT001135,CUST079,WhatsApp,Response,2023-12-24,3,
INT001136,CUST043,Tokopedia,Review,2023-11-28,8,
INT001137,CUST032,Tokopedia,Review,2023-12-24,9,
INT001138,CUST143,Instagram,Follow,2023-12-20,1,
INT001139,CUST171,WhatsApp,Inquiry,2023-12-25,3,18.0
INT001140,CUST188,WhatsApp,Message,2023-12-18,7,13.0
INT001141,CUST032,Instagram,Comment,2023-12-23,9,
INT001142,CUST076,WhatsApp,Inquiry,2023-11-29,3,14.0
INT001143,CUST023,Tokopedia,Purchase,2023-12-03,9,
INT001144,CUST210,Instagram,Like,2023-12-06,5,
INT001145,CUST288,Tokopedia,Review,2023-12-07,8,
INT001146,CUST291,WhatsApp,Message,2023-12-15,8,2.0
INT001147,CUST060,Instagram,Comment,2023-12-20,2,
INT001148,CUST096,Tokopedia,Purchase,2023-12-17,1,
INT001149,CUST087,Instagram,Comment,2023-12-17,6,
INT001150,CUST236,Instagram,Comment,2023-12-06,4,
INT001151,CUST068,Tokopedia,Review,2023-12-09,5,
INT001152,CUST092,Tokopedia,Rating,2023-12-15,6,
INT001153,CUST212,Instagram,Comment,2023-12-05,4,
INT001154,CUST091,Tokopedia,Chat,2023-12-19,8,
INT001155,CUST136,Instagram,Save,2023-12-08,10,
INT001156,CUST187,Tokopedia,Purchase,2023-12-11,3,
INT001157,CUST019,WhatsApp,Order,2023-12-01,9,
INT001158,CUST292,Instagram,Save,2023-12-08,5,
INT001159,CUST107,Tokopedia,Purchase,2023-12-14,5,
INT001160,CUST047,WhatsApp,Response,2023-12-05,4,
INT001161,CUST240,Tokopedia,Review,2023-12-26,2,
INT001162,CUST265,WhatsApp,Response,2023-12-12,3,
INT001163,CUST240,WhatsApp,Inquiry,2023-12-08,10,12.0
INT001164,CUST018,Tokopedia,Review,2023-12-17,6,
INT001165,CUST005,Instagram,Save,2023-12-12,6,
INT001166,CUST173,WhatsApp,Message,2023-12-02,6,9.0
INT001167,CUST084,Tokopedia,Purchase,2023-12-02,1,
INT001168,CUST225,WhatsApp,Order,2023-12-15,10,
INT001169,CUST223,WhatsApp,Order,2023-12-12,4,
INT001170,CUST130,WhatsApp,Inquiry,2023-12-16,6,15.0
INT001171,CUST206,Tokopedia,Review,2023-12-26,4,
INT001172,CUST260,Instagram,Save,2023-12-10,5,
INT001173,CUST296,Tokopedia,Purchase,2023-11-27,3,
INT001174,CUST263,Instagram,Share,2023-12-25,10,
INT001175,CUST269,Instagram,Follow,2023-12-21,3,
INT001176,CUST067,WhatsApp,Inquiry,2023-12-22,1,2.0
INT001177,CUST159,Instagram,Share,2023-12-11,7,
INT001178,CUST085,Tokopedia,Review,2023-12-18,3,
INT001179,CUST103,Instagram,Share,2023-12-06,2,
INT001180,CUST095,Instagram,Comment,2023-12-10,2,
INT001181,CUST126,Instagram,Follow,2023-12-24,6,
INT001182,CUST003,Tokopedia,Rating,2023-12-08,2,
INT001183,CUST242,WhatsApp,Order,2023-12-19,4,
INT001184,CUST242,WhatsApp,Order,2023-12-23,8,
INT001185,CUST125,Instagram,Save,2023-12-01,6,
INT001186,CUST069,Tokopedia,Chat,2023-12-25,5,
INT001187,CUST218,WhatsApp,Order,2023-12-14,2,
INT001188,CUST178,Tokopedia,Purchase,2023-11-27,4,
INT001189,CUST092,Instagram,Share,2023-12-08,6,
INT001190,CUST257,Instagram,Follow,2023-12-16,7,
INT001191,CUST040,WhatsApp,Response,2023-12-01,8,
INT001192,CUST097,Instagram,Comment,2023-12-06,7,
INT001193,CUST048,Tokopedia,Wishlist,2023-12-17,3,
INT001194,CUST218,Instagram,Share,2023-12-06,7,
INT001195,CUST247,Instagram,Share,2023-12-10,3,
INT001196,CUST084,Tokopedia,Purchase,2023-12-23,2,
INT001197,CUST239,Instagram,Share,2023-12-18,2,
INT001198,CUST208,Instagram,Comment,2023-12-07,3,
INT001199,CUST295,WhatsApp,Order,2023-12-18,8,
INT001200,CUST006,Tokopedia,Wishlist,2023-12-10,1,
INT001201,CUST156,Tokopedia,Chat,2023-12-20,2,
INT001202,CUST231,WhatsApp,Inquiry,2023-12-21,8,22.0
INT001203,CUST172,WhatsApp,Inquiry,2023-11-30,3,13.0
INT001204,CUST273,Tokopedia,Review,2023-12-01,1,
INT001205,CUST173,WhatsApp,Feedback,2023-12-05,4,
INT001206,CUST264,WhatsApp,Order,2023-12-10,1,
INT001207,CUST238,Tokopedia,Review,2023-11-30,8,
INT001208,CUST236,Tokopedia,Review,2023-12-25,10,
INT001209,CUST190,Tokopedia,Wishlist,2023-12-07,5,
INT001210,CUST013,WhatsApp,Inquiry,2023-12-02,5,11.0
INT001211,CUST214,Instagram,Save,2023-12-07,5,
INT001212,CUST019,WhatsApp,Message,2023-12-08,1,17.0
INT001213,CUST203,Instagram,Comment,2023-11-29,9,
INT001214,CUST049,Instagram,Comment,2023-12-17,8,
INT001215,CUST221,Tokopedia,Chat,2023-12-11,10,
INT001216,CUST125,WhatsApp,Feedback,2023-12-15,8,
INT001217,CUST021,Instagram,Share,2023-12-08,1,
INT001218,CUST076,WhatsApp,Message,2023-12-09,9,23.0
INT001219,CUST041,Tokopedia,Chat,2023-12-10,7,
INT001220,CUST012,Instagram,Share,2023-12-20,2,
INT001221,CUST222,Instagram,Comment,2023-12-15,5,
INT001222,CUST156,WhatsApp,Feedback,2023-12-14,4,
INT001223,CUST026,Tokopedia,Purchase,2023-12-12,4,
INT001224,CUST224,Tokopedia,Rating,2023-12-05,9,
INT001225,CUST024,WhatsApp,Order,2023-12-26,3,
INT001226,CUST146,Tokopedia,Review,2023-12-10,4,
INT001227,CUST010,Tokopedia,Rating,2023-12-05,5,
INT001228,CUST237,WhatsApp,Inquiry,2023-11-30,4,7.0
INT001229,CUST010,WhatsApp,Inquiry,2023-12-04,2,19.0
INT001230,CUST148,WhatsApp,Feedback,2023-12-23,8,
INT001231,CUST216,WhatsApp,Feedback,2023-12-07,9,
INT001232,CUST200,Tokopedia,Purchase,2023-11-27,6,
INT001233,CUST175,Tokopedia,Chat,2023-12-23,8,
INT001234,CUST078,Tokopedia,Wishlist,2023-12-03,9,
INT001235,CUST088,WhatsApp,Order,2023-12-05,7,
INT001236,CUST017,WhatsApp,Feedback,2023-11-29,8,
INT001237,CUST288,Tokopedia,Review,2023-12-03,9,
INT001238,CUST190,Tokopedia,Chat,2023-12-21,6,
INT001239,CUST232,WhatsApp,Order,2023-11-27,3,
INT001240,CUST300,Instagram,Follow,2023-12-08,10,
INT001241,CUST221,Tokopedia,Review,2023-12-21,5,
INT001242,CUST285,WhatsApp,Order,2023-12-04,7,
INT001243,CUST276,Instagram,Save,2023-12-16,2,
INT001244,CUST050,Tokopedia,Rating,2023-12-03,2,
INT001245,CUST293,Tokopedia,Rating,2023-12-24,3,
INT001246,CUST206,WhatsApp,Order,2023-12-08,4,
INT001247,CUST215,WhatsApp,Inquiry,2023-12-07,6,20.0
INT001248,CUST055,WhatsApp,Inquiry,2023-12-13,9,17.0
